﻿<?xml version="1.0" encoding="utf-8"?>
<!--Created by B-RISK Version 2023.1-->
<!--Input File B-RISK DESIGN FIRE TOOL 2023.1 - RISK SIMULATOR MODE-->
<simulation>
  <general_settings>
    <version>2023.1</version>
    <user_mode>False</user_mode>
    <evacnz>False</evacnz>
    <file_type>montecarlo</file_type>
    <description />
    <number_iterations>1</number_iterations>
    <output_interval>30</output_interval>
    <vent_clearance>0</vent_clearance>
    <grid_size>0.1</grid_size>
    <dfg_fixitem1>False</dfg_fixitem1>
    <dfg_windspeed>0</dfg_windspeed>
    <dfg_winddir>0</dfg_winddir>
    <base_name>basemodel_default</base_name>
    <spr_num_prob
      sprnum1="1"
      sprnum2="0"
      sprnum3="0"
      sprnum4="0" />
    <simulation_duration>600</simulation_duration>
    <display_interval>1</display_interval>
    <ceiling_nodes>20</ceiling_nodes>
    <wall_nodes>20</wall_nodes>
    <floor_nodes>10</floor_nodes>
    <enhance_burning>False</enhance_burning>
    <job_number />
    <excel_interval>1</excel_interval>
    <time_step>1</time_step>
    <error_control>0.1</error_control>
    <error_control_ventflows>0.001</error_control_ventflows>
    <fire_dbase>fire.mdb</fire_dbase>
    <mat_dbase>thermal.mdb</mat_dbase>
    <ceiling_jet>0</ceiling_jet>
    <vent_logfile>False</vent_logfile>
    <LE_Solver>LU Decomposition</LE_Solver>
    <no_wall_flow>True</no_wall_flow>
    <sprink_mode>0</sprink_mode>
    <auto_populate>False</auto_populate>
    <calc_sprdist>False</calc_sprdist>
    <calc_sddist>False</calc_sddist>
    <ignite_secitems>False</ignite_secitems>
    <firstitem>1</firstitem>
    <storage_height>1</storage_height>
    <powerlaw_T2fire>True</powerlaw_T2fire>
    <powerlaw_designfire>True</powerlaw_designfire>
    <compartment_effects>False</compartment_effects>
    <autosavepdf>False</autosavepdf>
    <autosaveXL>True</autosaveXL>
  </general_settings>
  <rooms
    number_rooms="2"
    fire_room="1">
    <room
      id="1"
      ceilingslope="False">
      <width>2.4</width>
      <length>3.6</length>
      <max_height>2.4</max_height>
      <description>Room A</description>
      <min_height>2.4</min_height>
      <floor_elevation>0</floor_elevation>
      <abs_X>0</abs_X>
      <abs_Y>0</abs_Y>
      <two_zones>True</two_zones>
      <wall_lining>
        <description>plasterboard</description>
        <thickness>13</thickness>
        <conductivity>0.16</conductivity>
        <specific_heat>900</specific_heat>
        <density>810</density>
        <emissivity>0.88</emissivity>
        <cone_file>null.txt</cone_file>
        <min_temp_spread>273</min_temp_spread>
        <flame_spread_parameter>0</flame_spread_parameter>
        <eff_heat_of_combustion>0</eff_heat_of_combustion>
        <soot_yield>0</soot_yield>
        <CO2_yield>0</CO2_yield>
        <H20_yield>0</H20_yield>
        <HCN_yield>0</HCN_yield>
      </wall_lining>
      <wall_substrate
        present="False" />
      <ceiling_lining>
        <description>plasterboard</description>
        <thickness>13</thickness>
        <conductivity>0.16</conductivity>
        <specific_heat>900</specific_heat>
        <density>810</density>
        <emissivity>0.88</emissivity>
        <ceiling_cone_file>null.txt</ceiling_cone_file>
        <eff_heat_of_combustion>0</eff_heat_of_combustion>
        <soot_yield>0</soot_yield>
        <CO2_yield>0</CO2_yield>
        <H20_yield>0</H20_yield>
        <HCN_yield>0</HCN_yield>
      </ceiling_lining>
      <ceiling_substrate
        present="False" />
      <floor_lining>
        <description>concrete</description>
        <thickness>100</thickness>
        <conductivity>1.2</conductivity>
        <specific_heat>880</specific_heat>
        <density>2300</density>
        <emissivity>0.5</emissivity>
        <floor_cone_file>null.txt</floor_cone_file>
        <min_temp_spread>0</min_temp_spread>
        <flame_spread_parameter>0</flame_spread_parameter>
        <eff_heat_of_combustion>0</eff_heat_of_combustion>
        <soot_yield>0</soot_yield>
        <CO2_yield>0</CO2_yield>
        <H20_yield>0</H20_yield>
        <HCN_yield>0</HCN_yield>
      </floor_lining>
      <floor_substrate
        present="False" />
    </room>
    <room
      id="2"
      ceilingslope="False">
      <width>5</width>
      <length>5</length>
      <max_height>2.4</max_height>
      <description>Room B</description>
      <min_height>2.4</min_height>
      <floor_elevation>0</floor_elevation>
      <abs_X>-5</abs_X>
      <abs_Y>0</abs_Y>
      <two_zones>True</two_zones>
      <wall_lining>
        <description>plasterboard</description>
        <thickness>13</thickness>
        <conductivity>0.16</conductivity>
        <specific_heat>900</specific_heat>
        <density>810</density>
        <emissivity>0.88</emissivity>
        <cone_file />
        <min_temp_spread>0</min_temp_spread>
        <flame_spread_parameter>0</flame_spread_parameter>
        <eff_heat_of_combustion>0</eff_heat_of_combustion>
        <soot_yield>0</soot_yield>
        <CO2_yield>0</CO2_yield>
        <H20_yield>0</H20_yield>
        <HCN_yield>0</HCN_yield>
      </wall_lining>
      <wall_substrate
        present="False" />
      <ceiling_lining>
        <description>plasterboard</description>
        <thickness>13</thickness>
        <conductivity>0.16</conductivity>
        <specific_heat>900</specific_heat>
        <density>810</density>
        <emissivity>0.88</emissivity>
        <ceiling_cone_file />
        <eff_heat_of_combustion>0</eff_heat_of_combustion>
        <soot_yield>0</soot_yield>
        <CO2_yield>0</CO2_yield>
        <H20_yield>0</H20_yield>
        <HCN_yield>0</HCN_yield>
      </ceiling_lining>
      <ceiling_substrate
        present="False" />
      <floor_lining>
        <description>concrete</description>
        <thickness>100</thickness>
        <conductivity>1.2</conductivity>
        <specific_heat>880</specific_heat>
        <density>2300</density>
        <emissivity>0.5</emissivity>
        <floor_cone_file />
        <min_temp_spread>0</min_temp_spread>
        <flame_spread_parameter>0</flame_spread_parameter>
        <eff_heat_of_combustion>0</eff_heat_of_combustion>
        <soot_yield>0</soot_yield>
        <CO2_yield>0</CO2_yield>
        <H20_yield>0</H20_yield>
        <HCN_yield>0</HCN_yield>
      </floor_lining>
      <floor_substrate
        present="False" />
    </room>
  </rooms>
  <flamespread
    algorithm="0" />
  <tenability>
    <FEDCO_toxicity_model>True</FEDCO_toxicity_model>
    <monitor_height>2</monitor_height>
    <activity_level>Light</activity_level>
    <endpoint_radiation>0.3</endpoint_radiation>
    <endpoint_temp>1146</endpoint_temp>
    <endpoint_visibility>10</endpoint_visibility>
    <endpoint_FED>0.3</endpoint_FED>
    <endpoint_convect>626</endpoint_convect>
    <illumination>False</illumination>
    <FEDpath_1_starttime>0</FEDpath_1_starttime>
    <FEDpath_1_endtime>600</FEDpath_1_endtime>
    <FEDpath_1_room>1</FEDpath_1_room>
    <FEDpath_2_starttime>0</FEDpath_2_starttime>
    <FEDpath_2_endtime>0</FEDpath_2_endtime>
    <FEDpath_2_room>0</FEDpath_2_room>
    <FEDpath_3_starttime>0</FEDpath_3_starttime>
    <FEDpath_3_endtime>0</FEDpath_3_endtime>
    <FEDpath_3_room>0</FEDpath_3_room>
  </tenability>
  <postflashover
    post="False"
    fluxcriteria="False"
    calcFRR="False"
    modGER="False">
    <fuel_thickness>0.05</fuel_thickness>
    <stick_spacing>0.05</stick_spacing>
    <crib_height>0.8</crib_height>
    <excess_fuel_factor>1.3</excess_fuel_factor>
    <CLT_model>False</CLT_model>
    <CLT_ceil_percent>0</CLT_ceil_percent>
    <CLT_wall_percent>0</CLT_wall_percent>
    <CLT_chartemp>0</CLT_chartemp>
    <integral_model>False</integral_model>
    <Lamella_depth>0</Lamella_depth>
    <CLT_Qcrit>0</CLT_Qcrit>
    <CLT_flameflux>0</CLT_flameflux>
    <CLT_latentheatofgasification>0</CLT_latentheatofgasification>
    <CLT_ignitiontemp>0</CLT_ignitiontemp>
    <CLT_calibration>0</CLT_calibration>
    <CLT_debondtemp>0</CLT_debondtemp>
    <kinetic_model>False</kinetic_model>
    <kinetic_hemi_Ei>164000</kinetic_hemi_Ei>
    <kinetic_hemi_Ai>32500000000000</kinetic_hemi_Ai>
    <kinetic_hemi_ni>2.1</kinetic_hemi_ni>
    <kinetic_hemi_mf>0.37</kinetic_hemi_mf>
    <kinetic_cell_Ei>198000</kinetic_cell_Ei>
    <kinetic_cell_Ai>351000000000000</kinetic_cell_Ai>
    <kinetic_cell_ni>1.1</kinetic_cell_ni>
    <kinetic_cell_mf>0.44</kinetic_cell_mf>
    <kinetic_lig_Ei>152000</kinetic_lig_Ei>
    <kinetic_lig_Ai>84100000000000</kinetic_lig_Ai>
    <kinetic_lig_ni>5</kinetic_lig_ni>
    <kinetic_lig_mf>0.09</kinetic_lig_mf>
    <kinetic_wat_Ei>100000</kinetic_wat_Ei>
    <kinetic_wat_Ai>10000000000000</kinetic_wat_Ai>
    <kinetic_wat_ni>1</kinetic_wat_ni>
    <kinetic_wat_mf>0.1</kinetic_wat_mf>
    <kinetic_cell_charyield>0.13</kinetic_cell_charyield>
    <kinetic_hemi_charyield>0.13</kinetic_hemi_charyield>
    <kinetic_lig_charyield>0.13</kinetic_lig_charyield>
    <CLT_moisturecontent>0</CLT_moisturecontent>
    <thermal_props>1</thermal_props>
    <k-factor>1.6</k-factor>
    <heatflux>50</heatflux>
    <bc1>True</bc1>
    <bc2>False</bc2>
    <bc3>False</bc3>
    <EC5_charring_model>False</EC5_charring_model>
  </postflashover>
  <chemistry>
    <nC>0.95</nC>
    <nH>2.4</nH>
    <nO>1</nO>
    <nN>0</nN>
    <fueltype>wood</fueltype>
    <hcn_calc>False</hcn_calc>
    <soot_alpha>2.5</soot_alpha>
    <soot_epsilon>1.2</soot_epsilon>
    <emission_coefficient>0.8</emission_coefficient>
    <stoichiometric_air_fuel_ratio>6.1</stoichiometric_air_fuel_ratio>
    <post_CO>0.4</post_CO>
    <post_soot>0.14</post_soot>
    <CO_mode>False</CO_mode>
    <soot_mode>False</soot_mode>
  </chemistry>
  <fires />
</simulation>