﻿<?xml version="1.0" encoding="utf-8"?>
<Distributions>
  <Distribution>
    <id>1</id>
    <varname>Interior Temperature</varname>
    <units>K</units>
    <distribution>None</distribution>
    <varvalue>297</varvalue>
    <mean>300</mean>
    <variance>5</variance>
    <lbound>275</lbound>
    <ubound>307</ubound>
    <mode>299</mode>
    <alpha>0</alpha>
    <beta>0</beta>
  </Distribution>
  <Distribution>
    <id>2</id>
    <varname>Exterior Temperature</varname>
    <units>K</units>
    <distribution>None</distribution>
    <varvalue>288</varvalue>
    <mean>293</mean>
    <variance>5</variance>
    <lbound>275</lbound>
    <ubound>302</ubound>
    <mode>293</mode>
    <alpha>0</alpha>
    <beta>0</beta>
  </Distribution>
  <Distribution>
    <id>3</id>
    <varname>Relative Humidity</varname>
    <units>-</units>
    <distribution>None</distribution>
    <varvalue>0.5</varvalue>
    <mean>0.5</mean>
    <variance>0.0005</variance>
    <lbound>0.2</lbound>
    <ubound>0.9</ubound>
    <mode>0.5</mode>
    <alpha>0</alpha>
    <beta>0</beta>
  </Distribution>
  <Distribution>
    <id>4</id>
    <varname>Fire Load Energy Density</varname>
    <units>MJ/m2</units>
    <distribution>None</distribution>
    <varvalue>400</varvalue>
    <mean>200</mean>
    <variance>20</variance>
    <lbound>50</lbound>
    <ubound>200</ubound>
    <mode>150</mode>
    <alpha>0</alpha>
    <beta>0</beta>
  </Distribution>
  <Distribution>
    <id>5</id>
    <varname>Heat of Combustion PFO</varname>
    <units>kJ/g</units>
    <distribution>None</distribution>
    <varvalue>20</varvalue>
    <mean>20</mean>
    <variance>3</variance>
    <lbound>10</lbound>
    <ubound>50</ubound>
    <mode>20</mode>
    <alpha>0</alpha>
    <beta>0</beta>
  </Distribution>
  <Distribution>
    <id>6</id>
    <varname>Soot Preflashover Yield</varname>
    <units>g/g</units>
    <distribution>None</distribution>
    <varvalue>0.07</varvalue>
    <mean>0.07</mean>
    <variance>0.01</variance>
    <lbound>0.02</lbound>
    <ubound>0.5</ubound>
    <mode>0.08</mode>
    <alpha>0</alpha>
    <beta>0</beta>
  </Distribution>
  <Distribution>
    <id>7</id>
    <varname>CO Preflashover Yield</varname>
    <units>g/g</units>
    <distribution>None</distribution>
    <varvalue>0.04</varvalue>
    <mean>0.05</mean>
    <variance>0.01</variance>
    <lbound>0.02</lbound>
    <ubound>0.2</ubound>
    <mode>0.04</mode>
    <alpha>0</alpha>
    <beta>0</beta>
  </Distribution>
  <Distribution>
    <id>8</id>
    <varname>Sprinkler Reliability</varname>
    <units>-</units>
    <distribution>None</distribution>
    <varvalue>1</varvalue>
    <mean>0.9</mean>
    <variance>0.01</variance>
    <lbound>0.9</lbound>
    <ubound>0.96</ubound>
    <mode>0.9</mode>
    <alpha>0</alpha>
    <beta>0</beta>
  </Distribution>
  <Distribution>
    <id>9</id>
    <varname>Sprinkler Suppression Probability</varname>
    <units>-</units>
    <distribution>None</distribution>
    <varvalue>0</varvalue>
    <mean>1</mean>
    <variance>0.01</variance>
    <lbound>0.5</lbound>
    <ubound>1</ubound>
    <mode>1</mode>
    <alpha>0</alpha>
    <beta>0</beta>
  </Distribution>
  <Distribution>
    <id>10</id>
    <varname>Sprinkler Cooling Coefficient</varname>
    <units>-</units>
    <distribution>None</distribution>
    <varvalue>1</varvalue>
    <mean>0</mean>
    <variance>0</variance>
    <lbound>0</lbound>
    <ubound>0</ubound>
    <mode>0</mode>
    <alpha>0</alpha>
    <beta>0</beta>
  </Distribution>
  <Distribution>
    <id>11</id>
    <varname>Fuel Heat of Gasification</varname>
    <units>kJ/g</units>
    <distribution>None</distribution>
    <varvalue>3</varvalue>
    <mean>0</mean>
    <variance>0</variance>
    <lbound>0</lbound>
    <ubound>0</ubound>
    <mode>0</mode>
    <alpha>0</alpha>
    <beta>0</beta>
  </Distribution>
  <Distribution>
    <id>12</id>
    <varname>Alpha T</varname>
    <units>kW/s2</units>
    <distribution>None</distribution>
    <varvalue>0.046900000423193</varvalue>
    <mean>0</mean>
    <variance>0</variance>
    <lbound>0.02</lbound>
    <ubound>0.07</ubound>
    <mode>0.0469</mode>
    <alpha>0</alpha>
    <beta>0</beta>
  </Distribution>
  <Distribution>
    <id>13</id>
    <varname>Peak HRR</varname>
    <units>kW</units>
    <distribution>None</distribution>
    <varvalue>20000</varvalue>
    <mean>0</mean>
    <variance>0</variance>
    <lbound>5000</lbound>
    <ubound>10000</ubound>
    <mode>0</mode>
    <alpha>0</alpha>
    <beta>0</beta>
  </Distribution>
  <Distribution>
    <id>14</id>
    <varname>Smoke Detector Reliability</varname>
    <units>-</units>
    <distribution>None</distribution>
    <varvalue>1</varvalue>
    <mean>0</mean>
    <variance>0</variance>
    <lbound>0</lbound>
    <ubound>0</ubound>
    <mode>0</mode>
    <alpha>0</alpha>
    <beta>0</beta>
  </Distribution>
  <Distribution>
    <id>15</id>
    <varname>Mechanical Ventilation Reliability</varname>
    <units>-</units>
    <distribution>None</distribution>
    <varvalue>1</varvalue>
    <mean>0</mean>
    <variance>0</variance>
    <lbound>0</lbound>
    <ubound>0</ubound>
    <mode>0</mode>
    <alpha>0</alpha>
    <beta>0</beta>
  </Distribution>
</Distributions>