﻿<?xml version="1.0" encoding="utf-8"?>
<!--Created by B-RISK Version 2023.1-->
<!--Input File B-RISK DESIGN FIRE TOOL 2023.1 - RISK SIMULATOR MODE-->
<simulation>
  <general_settings>
    <version>2023.1</version>
    <file_type>input</file_type>
    <description />
    <user_mode>False</user_mode>
    <temp_interior>297</temp_interior>
    <temp_exterior>288</temp_exterior>
    <rel_humidity>0.5</rel_humidity>
    <simulation_duration>600</simulation_duration>
    <display_interval>1</display_interval>
    <ceiling_nodes>20</ceiling_nodes>
    <wall_nodes>20</wall_nodes>
    <floor_nodes>10</floor_nodes>
    <enhance_burning>False</enhance_burning>
    <job_number />
    <excel_interval>1</excel_interval>
    <time_step>1</time_step>
    <error_control>0.1</error_control>
    <error_control_ventflow>0.001</error_control_ventflow>
    <fire_dbase>C:\Users\Paul\Documents\B-RISK\dbases\fire.mdb</fire_dbase>
    <mat_dbase>C:\Users\Paul\Documents\B-RISK\dbases\thermal.mdb</mat_dbase>
    <ceiling_jet>0</ceiling_jet>
    <vent_logfile>False</vent_logfile>
    <LE_Solver>LU Decomposition</LE_Solver>
    <no_wall_flow>True</no_wall_flow>
  </general_settings>
  <rooms
    number_rooms="2">
    <room
      id="1"
      ceilingslope="False">
      <width>2.4</width>
      <length>3.6</length>
      <max_height>2.4</max_height>
      <description>Room A</description>
      <min_height>2.4</min_height>
      <floor_elevation>0</floor_elevation>
      <two_zones>True</two_zones>
      <abs_X>0</abs_X>
      <abs_Y>0</abs_Y>
      <wall_lining>
        <description>plasterboard</description>
        <thickness>13</thickness>
        <conductivity>0.16</conductivity>
        <specific_heat>900</specific_heat>
        <density>810</density>
        <emissivity>0.88</emissivity>
        <cone_file>null.txt</cone_file>
        <min_temp_spread>273</min_temp_spread>
        <flame_spread_parameter>0</flame_spread_parameter>
        <eff_heat_of_combustion>0</eff_heat_of_combustion>
        <soot_yield>0</soot_yield>
        <CO2_yield>0</CO2_yield>
        <H20_yield>0</H20_yield>
        <HCN_yield>0</HCN_yield>
        <Pessimise_comb_wall>True</Pessimise_comb_wall>
      </wall_lining>
      <wall_substrate
        present="False" />
      <ceiling_lining>
        <description>plasterboard</description>
        <thickness>13</thickness>
        <conductivity>0.16</conductivity>
        <specific_heat>900</specific_heat>
        <density>810</density>
        <emissivity>0.88</emissivity>
        <ceiling_cone_file>null.txt</ceiling_cone_file>
        <eff_heat_of_combustion>0</eff_heat_of_combustion>
        <soot_yield>0</soot_yield>
        <CO2_yield>0</CO2_yield>
        <H20_yield>0</H20_yield>
        <HCN_yield>0</HCN_yield>
      </ceiling_lining>
      <ceiling_substrate
        present="False" />
      <floor_lining>
        <description>concrete</description>
        <thickness>100</thickness>
        <conductivity>1.2</conductivity>
        <specific_heat>880</specific_heat>
        <density>2300</density>
        <emissivity>0.5</emissivity>
        <floor_cone_file>null.txt</floor_cone_file>
        <min_temp_spread>0</min_temp_spread>
        <flame_spread_parameter>0</flame_spread_parameter>
        <eff_heat_of_combustion>0</eff_heat_of_combustion>
        <soot_yield>0</soot_yield>
        <CO2_yield>0</CO2_yield>
        <H20_yield>0</H20_yield>
        <HCN_yield>0</HCN_yield>
      </floor_lining>
      <floor_substrate
        present="False" />
    </room>
    <room
      id="2"
      ceilingslope="False">
      <width>5</width>
      <length>5</length>
      <max_height>2.4</max_height>
      <description>Room B</description>
      <min_height>2.4</min_height>
      <floor_elevation>0</floor_elevation>
      <two_zones>True</two_zones>
      <abs_X>-5</abs_X>
      <abs_Y>0</abs_Y>
      <wall_lining>
        <description>plasterboard</description>
        <thickness>13</thickness>
        <conductivity>0.16</conductivity>
        <specific_heat>900</specific_heat>
        <density>810</density>
        <emissivity>0.88</emissivity>
        <cone_file />
        <min_temp_spread>0</min_temp_spread>
        <flame_spread_parameter>0</flame_spread_parameter>
        <eff_heat_of_combustion>0</eff_heat_of_combustion>
        <soot_yield>0</soot_yield>
        <CO2_yield>0</CO2_yield>
        <H20_yield>0</H20_yield>
        <HCN_yield>0</HCN_yield>
        <Pessimise_comb_wall>True</Pessimise_comb_wall>
      </wall_lining>
      <wall_substrate
        present="False" />
      <ceiling_lining>
        <description>plasterboard</description>
        <thickness>13</thickness>
        <conductivity>0.16</conductivity>
        <specific_heat>900</specific_heat>
        <density>810</density>
        <emissivity>0.88</emissivity>
        <ceiling_cone_file />
        <eff_heat_of_combustion>0</eff_heat_of_combustion>
        <soot_yield>0</soot_yield>
        <CO2_yield>0</CO2_yield>
        <H20_yield>0</H20_yield>
        <HCN_yield>0</HCN_yield>
      </ceiling_lining>
      <ceiling_substrate
        present="False" />
      <floor_lining>
        <description>concrete</description>
        <thickness>100</thickness>
        <conductivity>1.2</conductivity>
        <specific_heat>880</specific_heat>
        <density>2300</density>
        <emissivity>0.5</emissivity>
        <floor_cone_file />
        <min_temp_spread>0</min_temp_spread>
        <flame_spread_parameter>0</flame_spread_parameter>
        <eff_heat_of_combustion>0</eff_heat_of_combustion>
        <soot_yield>0</soot_yield>
        <CO2_yield>0</CO2_yield>
        <H20_yield>0</H20_yield>
        <HCN_yield>0</HCN_yield>
      </floor_lining>
      <floor_substrate
        present="False" />
    </room>
  </rooms>
  <flamespread
    algorithm="0" />
  <tenability>
    <monitor_height>2</monitor_height>
    <activity_level>Light</activity_level>
    <endpoint_radiation>0.3</endpoint_radiation>
    <endpoint_temp>1146</endpoint_temp>
    <endpoint_visibility>10</endpoint_visibility>
    <endpoint_FED>0.3</endpoint_FED>
    <endpoint_convect>626</endpoint_convect>
    <FED_start_time>0</FED_start_time>
    <FED_end_time>600</FED_end_time>
    <illumination>False</illumination>
  </tenability>
  <postflashover
    post="False" />
  <chemistry>
    <nC>0.95</nC>
    <nH>2.4</nH>
    <nO>1</nO>
    <nN>0</nN>
    <stoic>6.1</stoic>
    <fueltype>wood</fueltype>
    <hcn_calc>False</hcn_calc>
    <soot_alpha>2.5</soot_alpha>
    <soot_epsilon>1.2</soot_epsilon>
    <emission_coefficient>0.8</emission_coefficient>
    <pre_CO>0.04</pre_CO>
    <post_CO>0.4</post_CO>
    <pre_soot>0.07</pre_soot>
    <post_soot>0.14</post_soot>
    <CO_mode>False</CO_mode>
    <soot_mode>False</soot_mode>
  </chemistry>
  <fires>
    <fire_room>1</fire_room>
    <!--plume, macaffrey=2, delichatsios=1-->
    <plume_algorithm>1</plume_algorithm>
    <number_objects>1</number_objects>
    <fire
      id="1"
      description="description"
      userlabel="OBJ">
      <heat_of_combustion>20</heat_of_combustion>
      <CO2_yield>1.5</CO2_yield>
      <soot_yield>0.07</soot_yield>
      <HCN_yield>0</HCN_yield>
      <fire_height>0.3</fire_height>
      <!--fire location, corner=2, wall=1, centre=0-->
      <fire_location>0</fire_location>
      <data_points>0</data_points>
      <obj_CRF_pilot>9.5</obj_CRF_pilot>
      <obj_FTPindex_pilot>1</obj_FTPindex_pilot>
      <obj_FTPlimit_pilot>481</obj_FTPlimit_pilot>
      <obj_CRF_auto>22</obj_CRF_auto>
      <obj_FTPindex_auto>1</obj_FTPindex_auto>
      <obj_FTPlimit_auto>427</obj_FTPlimit_auto>
      <obj_length>0.3</obj_length>
      <obj_width>0.3</obj_width>
      <obj_height>0</obj_height>
      <obj_x>3</obj_x>
      <obj_y>2</obj_y>
      <obj_elevation>0</obj_elevation>
      <obj_igntime>0</obj_igntime>
      <obj_RLF>0.35</obj_RLF>
      <windeffect>1</windeffect>
      <pyrolysisoption>0</pyrolysisoption>
      <pooldensity>0</pooldensity>
      <pooldiameter>0</pooldiameter>
      <poolFBMLR>0</poolFBMLR>
      <poolramp>0</poolramp>
      <poolvolume>0</poolvolume>
      <constantA>0</constantA>
      <constantB>0</constantB>
      <HRRUA>250</HRRUA>
      <obj_LHoG>3</obj_LHoG>
      <x1>3</x1>
      <x2>3.3</x2>
      <y1>2</y1>
      <y2>2.3</y2>
      <time>0</time>
      <HRR>0</HRR>
      <alphaT>0.0469</alphaT>
      <peakHRR>20000</peakHRR>
    </fire>
  </fires>
  <hvents>
    <hvent>
      <room_1>1</room_1>
      <room_2>2</room_2>
      <id>1</id>
      <height>2</height>
      <width>0.8</width>
      <sill_height>0</sill_height>
      <open_time>0</open_time>
      <close_time>0</close_time>
      <wall_length_1>2.4</wall_length_1>
      <wall_length_2>5</wall_length_2>
      <offset>0.8</offset>
      <face>3</face>
      <holdopen_reliability>1</holdopen_reliability>
      <discharge_coeff>0.68</discharge_coeff>
      <vent_status>OPEN</vent_status>
      <holdopen_status>True</holdopen_status>
      <glassbreak
        autobreak="False" />
      <spillplume
        use_spillplume="0" />
    </hvent>
    <hvent>
      <room_1>2</room_1>
      <room_2>3</room_2>
      <id>1</id>
      <height>2</height>
      <width>1</width>
      <sill_height>0</sill_height>
      <open_time>0</open_time>
      <close_time>0</close_time>
      <wall_length_1>5</wall_length_1>
      <wall_length_2>0</wall_length_2>
      <offset>0</offset>
      <face>0</face>
      <holdopen_reliability>1</holdopen_reliability>
      <discharge_coeff>0.68</discharge_coeff>
      <vent_status>OPEN</vent_status>
      <holdopen_status>True</holdopen_status>
      <glassbreak
        autobreak="False" />
      <spillplume
        use_spillplume="0" />
    </hvent>
  </hvents>
  <vvents />
  <sprinklers
    sprink_mode="1"
    spr_reliability="1.0000"
    spr_suppression_prob="0.0000"
    spr_cooling_coefficient="1.0000"
    NumOperatingSpr="1">
    <sprinkler
      id="1">
      <RTI>135</RTI>
      <c_factor>0.85</c_factor>
      <radial_distance>3.25</radial_distance>
      <actuation_temp>68</actuation_temp>
      <water_spray_density>4.2</water_spray_density>
      <depth>0.025</depth>
      <x-dim>1</x-dim>
      <y-dim>1</y-dim>
    </sprinkler>
  </sprinklers>
  <smoke_detectors
    sys_reliability="1.0000"
    operational_status="True" />
  <fans
    sys_reliability="1.0000"
    operational_status="True" />
</simulation>