﻿<?xml version="1.0" encoding="utf-8"?>
<!--Created by B-RISK Version 2023.1-->
<output>
  <run
    id="input1.xml"
    runtime="5.1"
    sampled_FLED="400.0"
    actual_FLED="400.0"
    time_equiv_vm="0.000"
    time_equiv_c="0.000"
    time_equiv_uw="0.000"
    time_equiv_f="0.000"
    fitted_alpha="0.000"
    HRR_at_FO="0.000"
    time_at_FO="0.000"
    HRR_at_VL="0.000"
    time_at_VL="601.000"
    heat_detector_activation_time="NR"
    sprinkler_activation_time="110"
    num_smokedet_activated="0"
    num_sprinklers_activated="1">
    <responsetime
      number="1">
      <sprinkler
        id="1"
        value="110.0"
        units="sec" />
    </responsetime>
    <smoke_detectors />
    <fans />
    <items
      value="1" />
    <room
      id="1">
      <time
        value="0.0"
        units="sec">
        <HeatRelease
          value="0.0"
          units="kW" />
        <layerheight
          value="2.400"
          units="m" />
        <uppertemp
          value="24.00"
          units="C" />
        <lowertemp
          value="24.00"
          units="C" />
        <FEDSum
          value="0.000"
          units="-" />
        <Visibility
          value="20.000"
          units="m" />
        <FEDRadSum
          value="0.000"
          units="-" />
      </time>
      <time
        value="30.0"
        units="sec">
        <HeatRelease
          value="42.2"
          units="kW" />
        <layerheight
          value="1.517"
          units="m" />
        <uppertemp
          value="54.16"
          units="C" />
        <lowertemp
          value="24.62"
          units="C" />
        <FEDSum
          value="0.000"
          units="-" />
        <Visibility
          value="1.954"
          units="m" />
        <FEDRadSum
          value="0.002"
          units="-" />
      </time>
      <time
        value="60.0"
        units="sec">
        <HeatRelease
          value="168.8"
          units="kW" />
        <layerheight
          value="1.120"
          units="m" />
        <uppertemp
          value="133.50"
          units="C" />
        <lowertemp
          value="30.80"
          units="C" />
        <FEDSum
          value="0.004"
          units="-" />
        <Visibility
          value="0.606"
          units="m" />
        <FEDRadSum
          value="0.060"
          units="-" />
      </time>
      <time
        value="90.0"
        units="sec">
        <HeatRelease
          value="379.9"
          units="kW" />
        <layerheight
          value="0.784"
          units="m" />
        <uppertemp
          value="237.96"
          units="C" />
        <lowertemp
          value="38.68"
          units="C" />
        <FEDSum
          value="0.016"
          units="-" />
        <Visibility
          value="0.356"
          units="m" />
        <FEDRadSum
          value="0.922"
          units="-" />
      </time>
      <time
        value="120.0"
        units="sec">
        <HeatRelease
          value="567.5"
          units="kW" />
        <layerheight
          value="0.517"
          units="m" />
        <uppertemp
          value="348.38"
          units="C" />
        <lowertemp
          value="100.15"
          units="C" />
        <FEDSum
          value="0.045"
          units="-" />
        <Visibility
          value="0.245"
          units="m" />
        <FEDRadSum
          value="1.000"
          units="-" />
      </time>
      <time
        value="150.0"
        units="sec">
        <HeatRelease
          value="567.5"
          units="kW" />
        <layerheight
          value="0.540"
          units="m" />
        <uppertemp
          value="375.64"
          units="C" />
        <lowertemp
          value="149.14"
          units="C" />
        <FEDSum
          value="0.101"
          units="-" />
        <Visibility
          value="0.212"
          units="m" />
        <FEDRadSum
          value="1.000"
          units="-" />
      </time>
      <time
        value="180.0"
        units="sec">
        <HeatRelease
          value="567.5"
          units="kW" />
        <layerheight
          value="0.562"
          units="m" />
        <uppertemp
          value="381.10"
          units="C" />
        <lowertemp
          value="157.52"
          units="C" />
        <FEDSum
          value="0.170"
          units="-" />
        <Visibility
          value="0.205"
          units="m" />
        <FEDRadSum
          value="1.000"
          units="-" />
      </time>
      <time
        value="210.0"
        units="sec">
        <HeatRelease
          value="567.5"
          units="kW" />
        <layerheight
          value="0.566"
          units="m" />
        <uppertemp
          value="388.35"
          units="C" />
        <lowertemp
          value="164.74"
          units="C" />
        <FEDSum
          value="0.241"
          units="-" />
        <Visibility
          value="0.206"
          units="m" />
        <FEDRadSum
          value="1.000"
          units="-" />
      </time>
      <time
        value="240.0"
        units="sec">
        <HeatRelease
          value="567.5"
          units="kW" />
        <layerheight
          value="0.566"
          units="m" />
        <uppertemp
          value="394.81"
          units="C" />
        <lowertemp
          value="171.09"
          units="C" />
        <FEDSum
          value="0.313"
          units="-" />
        <Visibility
          value="0.208"
          units="m" />
        <FEDRadSum
          value="1.000"
          units="-" />
      </time>
      <time
        value="270.0"
        units="sec">
        <HeatRelease
          value="567.5"
          units="kW" />
        <layerheight
          value="0.567"
          units="m" />
        <uppertemp
          value="400.58"
          units="C" />
        <lowertemp
          value="176.52"
          units="C" />
        <FEDSum
          value="0.386"
          units="-" />
        <Visibility
          value="0.210"
          units="m" />
        <FEDRadSum
          value="1.000"
          units="-" />
      </time>
      <time
        value="300.0"
        units="sec">
        <HeatRelease
          value="567.5"
          units="kW" />
        <layerheight
          value="0.567"
          units="m" />
        <uppertemp
          value="405.76"
          units="C" />
        <lowertemp
          value="181.33"
          units="C" />
        <FEDSum
          value="0.458"
          units="-" />
        <Visibility
          value="0.211"
          units="m" />
        <FEDRadSum
          value="1.000"
          units="-" />
      </time>
      <time
        value="330.0"
        units="sec">
        <HeatRelease
          value="567.5"
          units="kW" />
        <layerheight
          value="0.569"
          units="m" />
        <uppertemp
          value="410.61"
          units="C" />
        <lowertemp
          value="185.87"
          units="C" />
        <FEDSum
          value="0.530"
          units="-" />
        <Visibility
          value="0.213"
          units="m" />
        <FEDRadSum
          value="1.000"
          units="-" />
      </time>
      <time
        value="360.0"
        units="sec">
        <HeatRelease
          value="567.5"
          units="kW" />
        <layerheight
          value="0.569"
          units="m" />
        <uppertemp
          value="415.06"
          units="C" />
        <lowertemp
          value="189.98"
          units="C" />
        <FEDSum
          value="0.602"
          units="-" />
        <Visibility
          value="0.215"
          units="m" />
        <FEDRadSum
          value="1.000"
          units="-" />
      </time>
      <time
        value="390.0"
        units="sec">
        <HeatRelease
          value="567.5"
          units="kW" />
        <layerheight
          value="0.569"
          units="m" />
        <uppertemp
          value="419.23"
          units="C" />
        <lowertemp
          value="193.93"
          units="C" />
        <FEDSum
          value="0.673"
          units="-" />
        <Visibility
          value="0.217"
          units="m" />
        <FEDRadSum
          value="1.000"
          units="-" />
      </time>
      <time
        value="420.0"
        units="sec">
        <HeatRelease
          value="567.5"
          units="kW" />
        <layerheight
          value="0.571"
          units="m" />
        <uppertemp
          value="423.29"
          units="C" />
        <lowertemp
          value="198.15"
          units="C" />
        <FEDSum
          value="0.744"
          units="-" />
        <Visibility
          value="0.218"
          units="m" />
        <FEDRadSum
          value="1.000"
          units="-" />
      </time>
      <time
        value="450.0"
        units="sec">
        <HeatRelease
          value="567.5"
          units="kW" />
        <layerheight
          value="0.572"
          units="m" />
        <uppertemp
          value="426.92"
          units="C" />
        <lowertemp
          value="202.15"
          units="C" />
        <FEDSum
          value="0.815"
          units="-" />
        <Visibility
          value="0.220"
          units="m" />
        <FEDRadSum
          value="1.000"
          units="-" />
      </time>
      <time
        value="480.0"
        units="sec">
        <HeatRelease
          value="567.5"
          units="kW" />
        <layerheight
          value="0.573"
          units="m" />
        <uppertemp
          value="430.30"
          units="C" />
        <lowertemp
          value="206.42"
          units="C" />
        <FEDSum
          value="0.885"
          units="-" />
        <Visibility
          value="0.222"
          units="m" />
        <FEDRadSum
          value="1.000"
          units="-" />
      </time>
      <time
        value="510.0"
        units="sec">
        <HeatRelease
          value="567.5"
          units="kW" />
        <layerheight
          value="0.590"
          units="m" />
        <uppertemp
          value="433.03"
          units="C" />
        <lowertemp
          value="214.94"
          units="C" />
        <FEDSum
          value="0.955"
          units="-" />
        <Visibility
          value="0.223"
          units="m" />
        <FEDRadSum
          value="1.000"
          units="-" />
      </time>
      <time
        value="540.0"
        units="sec">
        <HeatRelease
          value="567.5"
          units="kW" />
        <layerheight
          value="0.582"
          units="m" />
        <uppertemp
          value="436.31"
          units="C" />
        <lowertemp
          value="214.79"
          units="C" />
        <FEDSum
          value="1.000"
          units="-" />
        <Visibility
          value="0.224"
          units="m" />
        <FEDRadSum
          value="1.000"
          units="-" />
      </time>
      <time
        value="570.0"
        units="sec">
        <HeatRelease
          value="567.5"
          units="kW" />
        <layerheight
          value="0.580"
          units="m" />
        <uppertemp
          value="439.04"
          units="C" />
        <lowertemp
          value="218.09"
          units="C" />
        <FEDSum
          value="1.000"
          units="-" />
        <Visibility
          value="0.225"
          units="m" />
        <FEDRadSum
          value="1.000"
          units="-" />
      </time>
      <time
        value="600.0"
        units="sec">
        <HeatRelease
          value="567.5"
          units="kW" />
        <layerheight
          value="0.580"
          units="m" />
        <uppertemp
          value="441.81"
          units="C" />
        <lowertemp
          value="220.35"
          units="C" />
        <FEDSum
          value="1.000"
          units="-" />
        <Visibility
          value="0.226"
          units="m" />
        <FEDRadSum
          value="1.000"
          units="-" />
      </time>
    </room>
    <room
      id="2">
      <time
        value="0.0"
        units="sec">
        <HeatRelease
          value="0.0"
          units="kW" />
        <layerheight
          value="2.400"
          units="m" />
        <uppertemp
          value="24.00"
          units="C" />
        <lowertemp
          value="24.00"
          units="C" />
        <FEDSum
          value="0.000"
          units="-" />
        <Visibility
          value="20.000"
          units="m" />
        <FEDRadSum
          value="0.000"
          units="-" />
      </time>
      <time
        value="30.0"
        units="sec">
        <HeatRelease
          value="0.0"
          units="kW" />
        <layerheight
          value="2.228"
          units="m" />
        <uppertemp
          value="28.13"
          units="C" />
        <lowertemp
          value="22.67"
          units="C" />
        <FEDSum
          value="0.000"
          units="-" />
        <Visibility
          value="20.000"
          units="m" />
        <FEDRadSum
          value="0.000"
          units="-" />
      </time>
      <time
        value="60.0"
        units="sec">
        <HeatRelease
          value="0.0"
          units="kW" />
        <layerheight
          value="1.179"
          units="m" />
        <uppertemp
          value="46.45"
          units="C" />
        <lowertemp
          value="21.57"
          units="C" />
        <FEDSum
          value="0.000"
          units="-" />
        <Visibility
          value="2.134"
          units="m" />
        <FEDRadSum
          value="0.000"
          units="-" />
      </time>
      <time
        value="90.0"
        units="sec">
        <HeatRelease
          value="0.0"
          units="kW" />
        <layerheight
          value="0.788"
          units="m" />
        <uppertemp
          value="83.21"
          units="C" />
        <lowertemp
          value="24.34"
          units="C" />
        <FEDSum
          value="0.000"
          units="-" />
        <Visibility
          value="0.770"
          units="m" />
        <FEDRadSum
          value="0.000"
          units="-" />
      </time>
      <time
        value="120.0"
        units="sec">
        <HeatRelease
          value="0.0"
          units="kW" />
        <layerheight
          value="0.587"
          units="m" />
        <uppertemp
          value="120.12"
          units="C" />
        <lowertemp
          value="53.77"
          units="C" />
        <FEDSum
          value="0.000"
          units="-" />
        <Visibility
          value="0.439"
          units="m" />
        <FEDRadSum
          value="0.000"
          units="-" />
      </time>
      <time
        value="150.0"
        units="sec">
        <HeatRelease
          value="0.0"
          units="kW" />
        <layerheight
          value="0.671"
          units="m" />
        <uppertemp
          value="140.42"
          units="C" />
        <lowertemp
          value="66.51"
          units="C" />
        <FEDSum
          value="0.000"
          units="-" />
        <Visibility
          value="0.306"
          units="m" />
        <FEDRadSum
          value="0.000"
          units="-" />
      </time>
      <time
        value="180.0"
        units="sec">
        <HeatRelease
          value="0.0"
          units="kW" />
        <layerheight
          value="0.729"
          units="m" />
        <uppertemp
          value="151.67"
          units="C" />
        <lowertemp
          value="68.66"
          units="C" />
        <FEDSum
          value="0.000"
          units="-" />
        <Visibility
          value="0.263"
          units="m" />
        <FEDRadSum
          value="0.000"
          units="-" />
      </time>
      <time
        value="210.0"
        units="sec">
        <HeatRelease
          value="0.0"
          units="kW" />
        <layerheight
          value="0.736"
          units="m" />
        <uppertemp
          value="155.88"
          units="C" />
        <lowertemp
          value="70.20"
          units="C" />
        <FEDSum
          value="0.000"
          units="-" />
        <Visibility
          value="0.252"
          units="m" />
        <FEDRadSum
          value="0.000"
          units="-" />
      </time>
      <time
        value="240.0"
        units="sec">
        <HeatRelease
          value="0.0"
          units="kW" />
        <layerheight
          value="0.740"
          units="m" />
        <uppertemp
          value="159.24"
          units="C" />
        <lowertemp
          value="71.61"
          units="C" />
        <FEDSum
          value="0.000"
          units="-" />
        <Visibility
          value="0.250"
          units="m" />
        <FEDRadSum
          value="0.000"
          units="-" />
      </time>
      <time
        value="270.0"
        units="sec">
        <HeatRelease
          value="0.0"
          units="kW" />
        <layerheight
          value="0.743"
          units="m" />
        <uppertemp
          value="162.17"
          units="C" />
        <lowertemp
          value="72.80"
          units="C" />
        <FEDSum
          value="0.000"
          units="-" />
        <Visibility
          value="0.251"
          units="m" />
        <FEDRadSum
          value="0.000"
          units="-" />
      </time>
      <time
        value="300.0"
        units="sec">
        <HeatRelease
          value="0.0"
          units="kW" />
        <layerheight
          value="0.746"
          units="m" />
        <uppertemp
          value="164.79"
          units="C" />
        <lowertemp
          value="73.90"
          units="C" />
        <FEDSum
          value="0.000"
          units="-" />
        <Visibility
          value="0.252"
          units="m" />
        <FEDRadSum
          value="0.000"
          units="-" />
      </time>
      <time
        value="330.0"
        units="sec">
        <HeatRelease
          value="0.0"
          units="kW" />
        <layerheight
          value="0.748"
          units="m" />
        <uppertemp
          value="167.19"
          units="C" />
        <lowertemp
          value="74.89"
          units="C" />
        <FEDSum
          value="0.000"
          units="-" />
        <Visibility
          value="0.254"
          units="m" />
        <FEDRadSum
          value="0.000"
          units="-" />
      </time>
      <time
        value="360.0"
        units="sec">
        <HeatRelease
          value="0.0"
          units="kW" />
        <layerheight
          value="0.750"
          units="m" />
        <uppertemp
          value="169.39"
          units="C" />
        <lowertemp
          value="75.79"
          units="C" />
        <FEDSum
          value="0.000"
          units="-" />
        <Visibility
          value="0.257"
          units="m" />
        <FEDRadSum
          value="0.000"
          units="-" />
      </time>
      <time
        value="390.0"
        units="sec">
        <HeatRelease
          value="0.0"
          units="kW" />
        <layerheight
          value="0.752"
          units="m" />
        <uppertemp
          value="171.47"
          units="C" />
        <lowertemp
          value="76.65"
          units="C" />
        <FEDSum
          value="0.000"
          units="-" />
        <Visibility
          value="0.259"
          units="m" />
        <FEDRadSum
          value="0.000"
          units="-" />
      </time>
      <time
        value="420.0"
        units="sec">
        <HeatRelease
          value="0.0"
          units="kW" />
        <layerheight
          value="0.752"
          units="m" />
        <uppertemp
          value="173.57"
          units="C" />
        <lowertemp
          value="76.98"
          units="C" />
        <FEDSum
          value="0.000"
          units="-" />
        <Visibility
          value="0.261"
          units="m" />
        <FEDRadSum
          value="0.000"
          units="-" />
      </time>
      <time
        value="450.0"
        units="sec">
        <HeatRelease
          value="0.0"
          units="kW" />
        <layerheight
          value="0.753"
          units="m" />
        <uppertemp
          value="175.54"
          units="C" />
        <lowertemp
          value="77.02"
          units="C" />
        <FEDSum
          value="0.000"
          units="-" />
        <Visibility
          value="0.263"
          units="m" />
        <FEDRadSum
          value="0.000"
          units="-" />
      </time>
      <time
        value="480.0"
        units="sec">
        <HeatRelease
          value="0.0"
          units="kW" />
        <layerheight
          value="0.754"
          units="m" />
        <uppertemp
          value="177.40"
          units="C" />
        <lowertemp
          value="77.38"
          units="C" />
        <FEDSum
          value="0.000"
          units="-" />
        <Visibility
          value="0.265"
          units="m" />
        <FEDRadSum
          value="0.000"
          units="-" />
      </time>
      <time
        value="510.0"
        units="sec">
        <HeatRelease
          value="0.0"
          units="kW" />
        <layerheight
          value="0.756"
          units="m" />
        <uppertemp
          value="179.11"
          units="C" />
        <lowertemp
          value="78.08"
          units="C" />
        <FEDSum
          value="0.000"
          units="-" />
        <Visibility
          value="0.266"
          units="m" />
        <FEDRadSum
          value="0.000"
          units="-" />
      </time>
      <time
        value="540.0"
        units="sec">
        <HeatRelease
          value="0.0"
          units="kW" />
        <layerheight
          value="0.757"
          units="m" />
        <uppertemp
          value="180.55"
          units="C" />
        <lowertemp
          value="78.72"
          units="C" />
        <FEDSum
          value="0.000"
          units="-" />
        <Visibility
          value="0.268"
          units="m" />
        <FEDRadSum
          value="0.000"
          units="-" />
      </time>
      <time
        value="570.0"
        units="sec">
        <HeatRelease
          value="0.0"
          units="kW" />
        <layerheight
          value="0.758"
          units="m" />
        <uppertemp
          value="182.00"
          units="C" />
        <lowertemp
          value="79.34"
          units="C" />
        <FEDSum
          value="0.000"
          units="-" />
        <Visibility
          value="0.269"
          units="m" />
        <FEDRadSum
          value="0.000"
          units="-" />
      </time>
      <time
        value="600.0"
        units="sec">
        <HeatRelease
          value="0.0"
          units="kW" />
        <layerheight
          value="0.758"
          units="m" />
        <uppertemp
          value="183.21"
          units="C" />
        <lowertemp
          value="79.98"
          units="C" />
        <FEDSum
          value="0.000"
          units="-" />
        <Visibility
          value="0.271"
          units="m" />
        <FEDRadSum
          value="0.000"
          units="-" />
      </time>
    </room>
  </run>
</output>