﻿<?xml version="1.0" encoding="utf-8"?>
<rooms>
  <version>2023.1</version>
  <room>
    <room_id>1</room_id>
    <room_length>3.6</room_length>
    <room_width>2.4</room_width>
    <room_minheight>2.4</room_minheight>
    <room_maxheight>2.4</room_maxheight>
    <room_elevation>0</room_elevation>
    <room_absx>0</room_absx>
    <room_absy>0</room_absy>
    <room_description>Room A</room_description>
    <distribution>
      <varname>length</varname>
      <value>3.6</value>
      <distribution>None</distribution>
      <mean>0</mean>
      <variance>0</variance>
      <lbound>0</lbound>
      <ubound>0</ubound>
      <mode>0</mode>
      <alpha>0</alpha>
      <beta>0</beta>
    </distribution>
    <distribution>
      <varname>width</varname>
      <value>2.4</value>
      <distribution>None</distribution>
      <mean>0</mean>
      <variance>0</variance>
      <lbound>0</lbound>
      <ubound>0</ubound>
      <mode>0</mode>
      <alpha>0</alpha>
      <beta>0</beta>
    </distribution>
    <distribution>
      <varname>width</varname>
      <value>2.4</value>
      <distribution>None</distribution>
      <mean>0</mean>
      <variance>0</variance>
      <lbound>0</lbound>
      <ubound>0</ubound>
      <mode>0</mode>
      <alpha>0</alpha>
      <beta>0</beta>
    </distribution>
    <distribution>
      <varname>width</varname>
      <value>2.4</value>
      <distribution>None</distribution>
      <mean>0</mean>
      <variance>0</variance>
      <lbound>0</lbound>
      <ubound>0</ubound>
      <mode>0</mode>
      <alpha>0</alpha>
      <beta>0</beta>
    </distribution>
  </room>
  <room>
    <room_id>2</room_id>
    <room_length>5</room_length>
    <room_width>5</room_width>
    <room_minheight>2.4</room_minheight>
    <room_maxheight>2.4</room_maxheight>
    <room_elevation>0</room_elevation>
    <room_absx>-5</room_absx>
    <room_absy>0</room_absy>
    <room_description>Room B</room_description>
    <distribution>
      <varname>width</varname>
      <value>5</value>
      <distribution>None</distribution>
      <mean>0</mean>
      <variance>0</variance>
      <lbound>0</lbound>
      <ubound>0</ubound>
      <mode>0</mode>
      <alpha>0</alpha>
      <beta>0</beta>
    </distribution>
    <distribution>
      <varname>length</varname>
      <value>5</value>
      <distribution>None</distribution>
      <mean>0</mean>
      <variance>0</variance>
      <lbound>0</lbound>
      <ubound>0</ubound>
      <mode>0</mode>
      <alpha>0</alpha>
      <beta>0</beta>
    </distribution>
  </room>
</rooms>