﻿<?xml version="1.0" encoding="utf-8"?>
<Sprinklers>
  <version>2023.1</version>
  <Sprinkler>
    <sprid>1</sprid>
    <room>1</room>
    <sprx>1</sprx>
    <spry>1</spry>
    <responsetime>110</responsetime>
    <sdistribution>
      <varname>rti</varname>
      <value>135</value>
      <distribution>None</distribution>
      <mean>0</mean>
      <variance>0</variance>
      <lbound>0</lbound>
      <ubound>0</ubound>
      <mode>0</mode>
      <alpha>0</alpha>
      <beta>0</beta>
    </sdistribution>
    <sdistribution>
      <varname>cfactor</varname>
      <value>0.85</value>
      <distribution>None</distribution>
      <mean>0</mean>
      <variance>0</variance>
      <lbound>0</lbound>
      <ubound>0</ubound>
      <mode>0</mode>
      <alpha>0</alpha>
      <beta>0</beta>
    </sdistribution>
    <sdistribution>
      <varname>sprdensity</varname>
      <value>4.2</value>
      <distribution>None</distribution>
      <mean>0</mean>
      <variance>0</variance>
      <lbound>0</lbound>
      <ubound>0</ubound>
      <mode>0</mode>
      <alpha>0</alpha>
      <beta>0</beta>
    </sdistribution>
    <sdistribution>
      <varname>sprr</varname>
      <value>3.25</value>
      <distribution>None</distribution>
      <mean>0</mean>
      <variance>0</variance>
      <lbound>0</lbound>
      <ubound>0</ubound>
      <mode>0</mode>
      <alpha>0</alpha>
      <beta>0</beta>
    </sdistribution>
    <sdistribution>
      <varname>sprz</varname>
      <value>0.025</value>
      <distribution>None</distribution>
      <mean>0</mean>
      <variance>0</variance>
      <lbound>0</lbound>
      <ubound>0</ubound>
      <mode>0</mode>
      <alpha>0</alpha>
      <beta>0</beta>
    </sdistribution>
    <sdistribution>
      <varname>acttemp</varname>
      <value>68</value>
      <distribution>None</distribution>
      <mean>0</mean>
      <variance>0</variance>
      <lbound>0</lbound>
      <ubound>0</ubound>
      <mode>0</mode>
      <alpha>0</alpha>
      <beta>0</beta>
    </sdistribution>
  </Sprinkler>
</Sprinklers>