﻿<?xml version="1.0" encoding="utf-8"?>
<Vents>
  <version>2023.1</version>
  <ENZ_simtime>0</ENZ_simtime>
  <BRISK_simtime>0</BRISK_simtime>
  <Vent>
    <id>1</id>
    <description>vent label</description>
    <fromroom>1</fromroom>
    <toroom>2</toroom>
    <offset>0.8</offset>
    <face>3</face>
    <sillheight>0</sillheight>
    <opentime>0</opentime>
    <closetime>0</closetime>
    <walllength1>2.4</walllength1>
    <walllength2>5</walllength2>
    <sdtriggerroom>1</sdtriggerroom>
    <HRRthreshold>500</HRRthreshold>
    <HRRventopendelay>0</HRRventopendelay>
    <HRRventopenduration>0</HRRventopenduration>
    <triggerventopendelay>0</triggerventopendelay>
    <triggerventopenduration>0</triggerventopenduration>
    <autoopenvent>False</autoopenvent>
    <triggerHD>False</triggerHD>
    <triggerHRR>False</triggerHRR>
    <triggerSD>False</triggerSD>
    <triggerFO>True</triggerFO>
    <triggerVL>True</triggerVL>
    <triggerHO>False</triggerHO>
    <triggerFR>False</triggerFR>
    <autobreakglass>False</autobreakglass>
    <glassconductivity>0.937</glassconductivity>
    <glassemissivity>1</glassemissivity>
    <glassexpansion>8.3E-06</glassexpansion>
    <glassthickness>6</glassthickness>
    <glassshading>20</glassshading>
    <glassbreakingstress>47</glassbreakingstress>
    <glassalpha>4.2E-07</glassalpha>
    <glassYoungsModulus>72000</glassYoungsModulus>
    <glassflameflux>False</glassflameflux>
    <glassdistance>0</glassdistance>
    <glassfalloutime>0</glassfalloutime>
    <spillplumemodel>0</spillplumemodel>
    <downstand>0.4</downstand>
    <spillbalconyprojection>0</spillbalconyprojection>
    <cd>0.68</cd>
    <probventclosed>0</probventclosed>
    <FRcriteria>0</FRcriteria>
    <ENZ_open>False</ENZ_open>
    <calcclose>False</calcclose>
    <duration>0</duration>
    <vdistribution>
      <varname>height</varname>
      <value>2</value>
      <distribution>None</distribution>
      <mean>0</mean>
      <variance>0</variance>
      <lbound>0</lbound>
      <ubound>0</ubound>
      <mode>0</mode>
      <alpha>0</alpha>
      <beta>0</beta>
    </vdistribution>
    <vdistribution>
      <varname>width</varname>
      <value>0.8</value>
      <distribution>None</distribution>
      <mean>0</mean>
      <variance>0</variance>
      <lbound>0</lbound>
      <ubound>0</ubound>
      <mode>0</mode>
      <alpha>0</alpha>
      <beta>0</beta>
    </vdistribution>
    <vdistribution>
      <varname>prob</varname>
      <value>0</value>
      <distribution>None</distribution>
      <mean>0</mean>
      <variance>0</variance>
      <lbound>0</lbound>
      <ubound>0</ubound>
      <mode>0</mode>
      <alpha>0</alpha>
      <beta>0</beta>
    </vdistribution>
    <vdistribution>
      <varname>HOreliability</varname>
      <value>1</value>
      <distribution>None</distribution>
      <mean>0</mean>
      <variance>0</variance>
      <lbound>0</lbound>
      <ubound>0</ubound>
      <mode>0</mode>
      <alpha>0</alpha>
      <beta>0</beta>
    </vdistribution>
    <vdistribution>
      <varname>integrity</varname>
      <value>0</value>
      <distribution>None</distribution>
      <mean>0</mean>
      <variance>0</variance>
      <lbound>0</lbound>
      <ubound>0</ubound>
      <mode>0</mode>
      <alpha>0</alpha>
      <beta>0</beta>
    </vdistribution>
    <vdistribution>
      <varname>maxopening</varname>
      <value>100</value>
      <distribution>None</distribution>
      <mean>0</mean>
      <variance>0</variance>
      <lbound>0</lbound>
      <ubound>0</ubound>
      <mode>0</mode>
      <alpha>0</alpha>
      <beta>0</beta>
    </vdistribution>
    <vdistribution>
      <varname>maxopeningtime</varname>
      <value>10</value>
      <distribution>None</distribution>
      <mean>0</mean>
      <variance>0</variance>
      <lbound>0</lbound>
      <ubound>0</ubound>
      <mode>0</mode>
      <alpha>0</alpha>
      <beta>0</beta>
    </vdistribution>
    <vdistribution>
      <varname>gastemp</varname>
      <value>200</value>
      <distribution>None</distribution>
      <mean>0</mean>
      <variance>0</variance>
      <lbound>0</lbound>
      <ubound>0</ubound>
      <mode>0</mode>
      <alpha>0</alpha>
      <beta>0</beta>
    </vdistribution>
    <vdistribution>
      <varname>opentime</varname>
      <value>0</value>
      <distribution>None</distribution>
      <mean>0</mean>
      <variance>0</variance>
      <lbound>0</lbound>
      <ubound>0</ubound>
      <mode>0</mode>
      <alpha>0</alpha>
      <beta>0</beta>
    </vdistribution>
    <vdistribution>
      <varname>duration</varname>
      <value>0</value>
      <distribution>None</distribution>
      <mean>0</mean>
      <variance>0</variance>
      <lbound>0</lbound>
      <ubound>0</ubound>
      <mode>0</mode>
      <alpha>0</alpha>
      <beta>0</beta>
    </vdistribution>
  </Vent>
  <Vent>
    <id>2</id>
    <description>vent label</description>
    <fromroom>2</fromroom>
    <toroom>3</toroom>
    <offset>0</offset>
    <face>0</face>
    <sillheight>0</sillheight>
    <opentime>0</opentime>
    <closetime>0</closetime>
    <walllength1>5</walllength1>
    <walllength2>0</walllength2>
    <sdtriggerroom>1</sdtriggerroom>
    <HRRthreshold>500</HRRthreshold>
    <HRRventopendelay>0</HRRventopendelay>
    <HRRventopenduration>0</HRRventopenduration>
    <triggerventopendelay>0</triggerventopendelay>
    <triggerventopenduration>0</triggerventopenduration>
    <autoopenvent>False</autoopenvent>
    <triggerHD>False</triggerHD>
    <triggerHRR>False</triggerHRR>
    <triggerSD>False</triggerSD>
    <triggerFO>False</triggerFO>
    <triggerVL>False</triggerVL>
    <triggerHO>False</triggerHO>
    <triggerFR>False</triggerFR>
    <autobreakglass>False</autobreakglass>
    <glassconductivity>0.937</glassconductivity>
    <glassemissivity>1</glassemissivity>
    <glassexpansion>8.3E-06</glassexpansion>
    <glassthickness>6</glassthickness>
    <glassshading>20</glassshading>
    <glassbreakingstress>47</glassbreakingstress>
    <glassalpha>4.2E-07</glassalpha>
    <glassYoungsModulus>72000</glassYoungsModulus>
    <glassflameflux>False</glassflameflux>
    <glassdistance>0</glassdistance>
    <glassfalloutime>0</glassfalloutime>
    <spillplumemodel>0</spillplumemodel>
    <downstand>0.4</downstand>
    <spillbalconyprojection>0</spillbalconyprojection>
    <cd>0.68</cd>
    <probventclosed>0</probventclosed>
    <FRcriteria>0</FRcriteria>
    <ENZ_open>False</ENZ_open>
    <calcclose>False</calcclose>
    <duration>0</duration>
    <vdistribution>
      <varname>height</varname>
      <value>2</value>
      <distribution>None</distribution>
      <mean>0</mean>
      <variance>0</variance>
      <lbound>0</lbound>
      <ubound>0</ubound>
      <mode>0</mode>
      <alpha>0</alpha>
      <beta>0</beta>
    </vdistribution>
    <vdistribution>
      <varname>width</varname>
      <value>1</value>
      <distribution>None</distribution>
      <mean>0</mean>
      <variance>0</variance>
      <lbound>0</lbound>
      <ubound>0</ubound>
      <mode>0</mode>
      <alpha>0</alpha>
      <beta>0</beta>
    </vdistribution>
    <vdistribution>
      <varname>prob</varname>
      <value>0</value>
      <distribution>None</distribution>
      <mean>0</mean>
      <variance>0</variance>
      <lbound>0</lbound>
      <ubound>0</ubound>
      <mode>0</mode>
      <alpha>0</alpha>
      <beta>0</beta>
    </vdistribution>
    <vdistribution>
      <varname>HOreliability</varname>
      <value>1</value>
      <distribution>None</distribution>
      <mean>0</mean>
      <variance>0</variance>
      <lbound>0</lbound>
      <ubound>0</ubound>
      <mode>0</mode>
      <alpha>0</alpha>
      <beta>0</beta>
    </vdistribution>
    <vdistribution>
      <varname>integrity</varname>
      <value>0</value>
      <distribution>None</distribution>
      <mean>0</mean>
      <variance>0</variance>
      <lbound>0</lbound>
      <ubound>0</ubound>
      <mode>0</mode>
      <alpha>0</alpha>
      <beta>0</beta>
    </vdistribution>
    <vdistribution>
      <varname>maxopening</varname>
      <value>100</value>
      <distribution>None</distribution>
      <mean>0</mean>
      <variance>0</variance>
      <lbound>0</lbound>
      <ubound>0</ubound>
      <mode>0</mode>
      <alpha>0</alpha>
      <beta>0</beta>
    </vdistribution>
    <vdistribution>
      <varname>maxopeningtime</varname>
      <value>10</value>
      <distribution>None</distribution>
      <mean>0</mean>
      <variance>0</variance>
      <lbound>0</lbound>
      <ubound>0</ubound>
      <mode>0</mode>
      <alpha>0</alpha>
      <beta>0</beta>
    </vdistribution>
    <vdistribution>
      <varname>gastemp</varname>
      <value>200</value>
      <distribution>None</distribution>
      <mean>0</mean>
      <variance>0</variance>
      <lbound>0</lbound>
      <ubound>0</ubound>
      <mode>0</mode>
      <alpha>0</alpha>
      <beta>0</beta>
    </vdistribution>
    <vdistribution>
      <varname>opentime</varname>
      <value>0</value>
      <distribution>None</distribution>
      <mean>0</mean>
      <variance>0</variance>
      <lbound>0</lbound>
      <ubound>0</ubound>
      <mode>0</mode>
      <alpha>0</alpha>
      <beta>0</beta>
    </vdistribution>
    <vdistribution>
      <varname>duration</varname>
      <value>0</value>
      <distribution>None</distribution>
      <mean>0</mean>
      <variance>0</variance>
      <lbound>0</lbound>
      <ubound>0</ubound>
      <mode>0</mode>
      <alpha>0</alpha>
      <beta>0</beta>
    </vdistribution>
  </Vent>
</Vents>